{
    "replace": true,
    "item": "born_in_chaos_v1:supreme_measure",
    "components": {
        "minecraft:display_name": {
            "value": "\u00a7cHacha Supremamente Nerfeada"
        },
        "minecraft:attribute_modifiers": {
            "modifiers": [
                {
                    "attribute": "minecraft:generic.attack_damage",
                    "operation": "addition",
                    "value": 1300,
                    "slot": "mainhand"
                },
                {
                    "attribute": "minecraft:generic.attack_speed",
                    "operation": "addition",
                    "value": -3.5,
                    "slot": "mainhand"
                }
            ]
        },
        "minecraft:enchantments": {
            "slot": "none",
            "enchantments": []
        },
        "minecraft:unbreakable": true
    }
}